linha;produto;tamanho;ingredientes;modo de preparo;observacoes;imagem
Milkshakes Tradicionais;Abacaxi;250ml;"Cobertura de abacaxi c/ pedaços; Sorvete de baunilha; Cobertura de abacaxi Marvi";Decore o copo com cobertura de abacaxi Marvi. Adicione a cobertura c/ pedaços e o sorvete de baunilha. Misture no batedor até homogeneizar. Opcional: finalize com 1/2 concha de cobertura de abacaxi.;;abacaxi.jpg
Milkshakes Tradicionais;Abacaxi;400ml;"Cobertura de abacaxi c/ pedaços; Sorvete de baunilha; Cobertura de abacaxi Marvi";Decore o copo com cobertura de abacaxi Marvi. Adicione a cobertura c/ pedaços e o sorvete de baunilha. Misture no batedor até homogeneizar. Opcional: finalize com 1/2 concha de cobertura de abacaxi.;;abacaxi.jpg
Milkshakes Tradicionais;Abacaxi;500ml;"Cobertura de abacaxi c/ pedaços; Sorvete de baunilha; Cobertura de abacaxi Marvi";Decore o copo com cobertura de abacaxi Marvi. Adicione a cobertura c/ pedaços e o sorvete de baunilha. Misture no batedor até homogeneizar. Opcional: finalize com 1/2 concha de cobertura de abacaxi.;;abacaxi.jpg
Milkshakes Tradicionais;Abacaxi;700ml;"Cobertura de abacaxi c/ pedaços; Sorvete de baunilha; Cobertura de abacaxi Marvi";Decore o copo com cobertura de abacaxi Marvi. Adicione a cobertura c/ pedaços e o sorvete de baunilha. Misture no batedor até homogeneizar. Opcional: finalize com 1/2 concha de cobertura de abacaxi.;;abacaxi.jpg
Milkshakes Tradicionais;Abacaxi ao Vinho;250ml;"Preparado de abacaxi ao vinho; Sorvete de baunilha";Coloque o preparado de abacaxi ao vinho (medida da tabela) e o sorvete de baunilha. Misture no batedor até homogeneizar.;;abacaxi_vinho.jpg
Milkshakes Tradicionais;Abacaxi ao Vinho;400ml;"Preparado de abacaxi ao vinho; Sorvete de baunilha";Coloque o preparado de abacaxi ao vinho (medida da tabela) e o sorvete de baunilha. Misture no batedor até homogeneizar.;;abacaxi_vinho.jpg
Milkshakes Tradicionais;Abacaxi ao Vinho;500ml;"Preparado de abacaxi ao vinho; Sorvete de baunilha";Coloque o preparado de abacaxi ao vinho (medida da tabela) e o sorvete de baunilha. Misture no batedor até homogeneizar.;;abacaxi_vinho.jpg
Milkshakes Tradicionais;Abacaxi ao Vinho;700ml;"Preparado de abacaxi ao vinho; Sorvete de baunilha";Coloque o preparado de abacaxi ao vinho (medida da tabela) e o sorvete de baunilha. Misture no batedor até homogeneizar.;;abacaxi_vinho.jpg
Milkshakes Tradicionais;Abacaxi com Hortelã;250ml;"Cobertura de abacaxi c/ pedaços; Pó de abacaxi com hortelã; Sorvete de baunilha";Decore o copo com cobertura de abacaxi Marvi. Adicione a cobertura c/ pedaços, o pó de abacaxi com hortelã (medida da tabela) e o sorvete. Misture no batedor.;;abacaxi_hortela.jpg
Milkshakes Tradicionais;Abacaxi com Hortelã;400ml;"Cobertura de abacaxi c/ pedaços; Pó de abacaxi com hortelã; Sorvete de baunilha";Decore o copo com cobertura de abacaxi Marvi. Adicione a cobertura c/ pedaços, o pó de abacaxi com hortelã (medida da tabela) e o sorvete. Misture no batedor.;;abacaxi_hortela.jpg
Milkshakes Tradicionais;Abacaxi com Hortelã;500ml;"Cobertura de abacaxi c/ pedaços; Pó de abacaxi com hortelã; Sorvete de baunilha";Decore o copo com cobertura de abacaxi Marvi. Adicione a cobertura c/ pedaços, o pó de abacaxi com hortelã (medida da tabela) e o sorvete. Misture no batedor.;;abacaxi_hortela.jpg
Milkshakes Tradicionais;Abacaxi com Hortelã;700ml;"Cobertura de abacaxi c/ pedaços; Pó de abacaxi com hortelã; Sorvete de baunilha";Decore o copo com cobertura de abacaxi Marvi. Adicione a cobertura c/ pedaços, o pó de abacaxi com hortelã (medida da tabela) e o sorvete. Misture no batedor.;;abacaxi_hortela.jpg
Milkshakes Tradicionais;Algodão Doce;250ml;"Pó blue ice; Sorvete de baunilha; Leite; Cobertura de groselha azul Marvi";Decore o copo com cobertura de groselha azul Marvi. Adicione leite até a marcação, o pó blue ice (medida da tabela) e o sorvete. Misture no batedor.;;algodao_doce.jpg
Milkshakes Tradicionais;Algodão Doce;400ml;"Pó blue ice; Sorvete de baunilha; Leite; Cobertura de groselha azul Marvi";Decore o copo com cobertura de groselha azul Marvi. Adicione leite até a marcação, o pó blue ice (medida da tabela) e o sorvete. Misture no batedor.;;algodao_doce.jpg
Milkshakes Tradicionais;Algodão Doce;500ml;"Pó blue ice; Sorvete de baunilha; Leite; Cobertura de groselha azul Marvi";Decore o copo com cobertura de groselha azul Marvi. Adicione leite até a marcação, o pó blue ice (medida da tabela) e o sorvete. Misture no batedor.;;algodao_doce.jpg
Milkshakes Tradicionais;Algodão Doce;700ml;"Pó blue ice; Sorvete de baunilha; Leite; Cobertura de groselha azul Marvi";Decore o copo com cobertura de groselha azul Marvi. Adicione leite até a marcação, o pó blue ice (medida da tabela) e o sorvete. Misture no batedor.;;algodao_doce.jpg
Milkshakes Tradicionais;Ameixa;250ml;"Cobertura de ameixa; Sorvete de baunilha";Adicione a cobertura de ameixa (medida da tabela) e o sorvete de baunilha. Misture no batedor.;;ameixa.jpg
Milkshakes Tradicionais;Ameixa;400ml;"Cobertura de ameixa; Sorvete de baunilha";Adicione a cobertura de ameixa (medida da tabela) e o sorvete de baunilha. Misture no batedor.;;ameixa.jpg
Milkshakes Tradicionais;Ameixa;500ml;"Cobertura de ameixa; Sorvete de baunilha";Adicione a cobertura de ameixa (medida da tabela) e o sorvete de baunilha. Misture no batedor.;;ameixa.jpg
Milkshakes Tradicionais;Ameixa;700ml;"Cobertura de ameixa; Sorvete de baunilha";Adicione a cobertura de ameixa (medida da tabela) e o sorvete de baunilha. Misture no batedor.;;ameixa.jpg
Milkshakes Tradicionais;Amendoim;250ml;"Pasta de amendoim; Amendoim torrado granulado; Sorvete de baunilha; Leite";"Adicione leite até a marcação; coloque a pasta de amendoim e misture no batedor; acrescente o sorvete e o amendoim torrado. Misture levemente com o batedor desligado, fazendo movimentos circulares para manter a crocância. Opcional: finalize com 25% da medida D de amendoim torrado.";;amendoim.jpg
Milkshakes Tradicionais;Amendoim;400ml;"Pasta de amendoim; Amendoim torrado granulado; Sorvete de baunilha; Leite";"Adicione leite até a marcação; coloque a pasta de amendoim e misture no batedor; acrescente o sorvete e o amendoim torrado. Misture levemente com o batedor desligado, fazendo movimentos circulares para manter a crocância. Opcional: finalize com 25% da medida D de amendoim torrado.";;amendoim.jpg
Milkshakes Tradicionais;Amendoim;500ml;"Pasta de amendoim; Amendoim torrado granulado; Sorvete de baunilha; Leite";"Adicione leite até a marcação; coloque a pasta de amendoim e misture no batedor; acrescente o sorvete e o amendoim torrado. Misture levemente com o batedor desligado, fazendo movimentos circulares para manter a crocância. Opcional: finalize com 25% da medida D de amendoim torrado.";;amendoim.jpg
Milkshakes Tradicionais;Amendoim;700ml;"Pasta de amendoim; Amendoim torrado granulado; Sorvete de baunilha; Leite";"Adicione leite até a marcação; coloque a pasta de amendoim e misture no batedor; acrescente o sorvete e o amendoim torrado. Misture levemente com o batedor desligado, fazendo movimentos circulares para manter a crocância. Opcional: finalize com 25% da medida D de amendoim torrado.";;amendoim.jpg
Milkshakes Tradicionais;Amora;250ml;"Cobertura de amora; Sorvete de baunilha";Adicione a cobertura de amora (medida da tabela) e o sorvete de baunilha. Misture no batedor.;;amora.jpg
Milkshakes Tradicionais;Amora;400ml;"Cobertura de amora; Sorvete de baunilha";Adicione a cobertura de amora (medida da tabela) e o sorvete de baunilha. Misture no batedor.;;amora.jpg
Milkshakes Tradicionais;Amora;500ml;"Cobertura de amora; Sorvete de baunilha";Adicione a cobertura de amora (medida da tabela) e o sorvete de baunilha. Misture no batedor.;;amora.jpg
Milkshakes Tradicionais;Amora;700ml;"Cobertura de amora; Sorvete de baunilha";Adicione a cobertura de amora (medida da tabela) e o sorvete de baunilha. Misture no batedor.;;amora.jpg
Milkshakes Tradicionais;Banana;250ml;"Pó de banana; Sorvete de baunilha; Leite";"Adicione leite até a marcação; coloque o pó de banana (medida da tabela) e o sorvete. Misture no batedor.";;banana.jpg
Milkshakes Tradicionais;Banana;400ml;"Pó de banana; Sorvete de baunilha; Leite";"Adicione leite até a marcação; coloque o pó de banana (medida da tabela) e o sorvete. Misture no batedor.";;banana.jpg
Milkshakes Tradicionais;Banana;500ml;"Pó de banana; Sorvete de baunilha; Leite";"Adicione leite até a marcação; coloque o pó de banana (medida da tabela) e o sorvete. Misture no batedor.";;banana.jpg
Milkshakes Tradicionais;Banana;700ml;"Pó de banana; Sorvete de baunilha; Leite";"Adicione leite até a marcação; coloque o pó de banana (medida da tabela) e o sorvete. Misture no batedor.";;banana.jpg
Milkshakes Tradicionais;Banana com Canela;250ml;"Pó de banana com canela; Sorvete de baunilha; Leite; Cobertura de caramelo Marvi";"Decore o copo com cobertura de caramelo Marvi. Adicione leite até a marcação; coloque o pó de banana com canela (medida da tabela) e o sorvete. Misture no batedor.";;banana_canela.jpg
Milkshakes Tradicionais;Banana com Canela;400ml;"Pó de banana com canela; Sorvete de baunilha; Leite; Cobertura de caramelo Marvi";"Decore o copo com cobertura de caramelo Marvi. Adicione leite até a marcação; coloque o pó de banana com canela (medida da tabela) e o sorvete. Misture no batedor.";;banana_canela.jpg
Milkshakes Tradicionais;Banana com Canela;500ml;"Pó de banana com canela; Sorvete de baunilha; Leite; Cobertura de caramelo Marvi";"Decore o copo com cobertura de caramelo Marvi. Adicione leite até a marcação; coloque o pó de banana com canela (medida da tabela) e o sorvete. Misture no batedor.";;banana_canela.jpg
Milkshakes Tradicionais;Banana com Canela;700ml;"Pó de banana com canela; Sorvete de baunilha; Leite; Cobertura de caramelo Marvi";"Decore o copo com cobertura de caramelo Marvi. Adicione leite até a marcação; coloque o pó de banana com canela (medida da tabela) e o sorvete. Misture no batedor.";;banana_canela.jpg
Milkshakes Tradicionais;Beijinho;250ml;"Pó de beijinho (medida A); Coco ralado (medida D); Sorvete de baunilha; Leite; Cobertura de leite condensado Marvi";"Decore o copo com cobertura de leite condensado Marvi. Adicione leite até a marcação; coloque o pó de beijinho (A) e misture no batedor; acrescente o sorvete e o coco ralado (D). Misture levemente com o batedor desligado. Opcional: finalize com 25% da medida D de coco.";;beijinho.jpg
Milkshakes Tradicionais;Beijinho;400ml;"Pó de beijinho (medida A); Coco ralado (medida D); Sorvete de baunilha; Leite; Cobertura de leite condensado Marvi";"Decore o copo com cobertura de leite condensado Marvi. Adicione leite até a marcação; coloque o pó de beijinho (A) e misture no batedor; acrescente o sorvete e o coco ralado (D). Misture levemente com o batedor desligado. Opcional: finalize com 25% da medida D de coco.";;beijinho.jpg
Milkshakes Tradicionais;Beijinho;500ml;"Pó de beijinho (medida A); Coco ralado (medida D); Sorvete de baunilha; Leite; Cobertura de leite condensado Marvi";"Decore o copo com cobertura de leite condensado Marvi. Adicione leite até a marcação; coloque o pó de beijinho (A) e misture no batedor; acrescente o sorvete e o coco ralado (D). Misture levemente com o batedor desligado. Opcional: finalize com 25% da medida D de coco.";;beijinho.jpg
Milkshakes Tradicionais;Beijinho;700ml;"Pó de beijinho (medida A); Coco ralado (medida D); Sorvete de baunilha; Leite; Cobertura de leite condensado Marvi";"Decore o copo com cobertura de leite condensado Marvi. Adicione leite até a marcação; coloque o pó de beijinho (A) e misture no batedor; acrescente o sorvete e o coco ralado (D). Misture levemente com o batedor desligado. Opcional: finalize com 25% da medida D de coco.";;beijinho.jpg
Milkshakes Tradicionais;Brigadeiro;250ml;"Pó de leite condensado (50% medida A); Granulado macio (medida D); Sorvete de chocolate; Leite; Cobertura de brigadeiro Marvi";"Decore o copo com cobertura de brigadeiro Marvi. Adicione leite até a marcação; coloque o pó de leite condensado, o granulado e o sorvete de chocolate. Misture no batedor. Opcional: finalize com granulado (25% da medida D).";;brigadeiro.jpg
Milkshakes Tradicionais;Brigadeiro;400ml;"Pó de leite condensado (50% medida A); Granulado macio (medida D); Sorvete de chocolate; Leite; Cobertura de brigadeiro Marvi";"Decore o copo com cobertura de brigadeiro Marvi. Adicione leite até a marcação; coloque o pó de leite condensado, o granulado e o sorvete de chocolate. Misture no batedor. Opcional: finalize com granulado (25% da medida D).";;brigadeiro.jpg
Milkshakes Tradicionais;Brigadeiro;500ml;"Pó de leite condensado (50% medida A); Granulado macio (medida D); Sorvete de chocolate; Leite; Cobertura de brigadeiro Marvi";"Decore o copo com cobertura de brigadeiro Marvi. Adicione leite até a marcação; coloque o pó de leite condensado, o granulado e o sorvete de chocolate. Misture no batedor. Opcional: finalize com granulado (25% da medida D).";;brigadeiro.jpg
Milkshakes Tradicionais;Brigadeiro;700ml;"Pó de leite condensado (50% medida A); Granulado macio (medida D); Sorvete de chocolate; Leite; Cobertura de brigadeiro Marvi";"Decore o copo com cobertura de brigadeiro Marvi. Adicione leite até a marcação; coloque o pó de leite condensado, o granulado e o sorvete de chocolate. Misture no batedor. Opcional: finalize com granulado (25% da medida D).";;brigadeiro.jpg
Milkshakes Tradicionais;Capuccino;250ml;"Capuccino (2 medidas A); Sorvete de baunilha; Leite; Cobertura de caramelo Marvi";"Decore o copo com cobertura de caramelo Marvi. Adicione leite até a marcação; coloque o capuccino (2 medidas A) e o sorvete de baunilha. Misture no batedor.";;capuccino.jpg
Milkshakes Tradicionais;Capuccino;400ml;"Capuccino (2 medidas A); Sorvete de baunilha; Leite; Cobertura de caramelo Marvi";"Decore o copo com cobertura de caramelo Marvi. Adicione leite até a marcação; coloque o capuccino (2 medidas A) e o sorvete de baunilha. Misture no batedor.";;capuccino.jpg
Milkshakes Tradicionais;Capuccino;500ml;"Capuccino (2 medidas A); Sorvete de baunilha; Leite; Cobertura de caramelo Marvi";"Decore o copo com cobertura de caramelo Marvi. Adicione leite até a marcação; coloque o capuccino (2 medidas A) e o sorvete de baunilha. Misture no batedor.";;capuccino.jpg
Milkshakes Tradicionais;Capuccino;700ml;"Capuccino (2 medidas A); Sorvete de baunilha; Leite; Cobertura de caramelo Marvi";"Decore o copo com cobertura de caramelo Marvi. Adicione leite até a marcação; coloque o capuccino (2 medidas A) e o sorvete de baunilha. Misture no batedor.";;capuccino.jpg
Milkshakes Tradicionais;Cereja;250ml;"Pó de cereja (medida A); Sorvete de baunilha; Leite; Cobertura de cereja Marvi";"Decore o copo com cobertura de cereja Marvi. Adicione leite até a marcação; coloque o pó de cereja e o sorvete de baunilha. Misture no batedor.";;cereja.jpg
Milkshakes Tradicionais;Cereja;400ml;"Pó de cereja (medida A); Sorvete de baunilha; Leite; Cobertura de cereja Marvi";"Decore o copo com cobertura de cereja Marvi. Adicione leite até a marcação; coloque o pó de cereja e o sorvete de baunilha. Misture no batedor.";;cereja.jpg
Milkshakes Tradicionais;Cereja;500ml;"Pó de cereja (medida A); Sorvete de baunilha; Leite; Cobertura de cereja Marvi";"Decore o copo com cobertura de cereja Marvi. Adicione leite até a marcação; coloque o pó de cereja e o sorvete de baunilha. Misture no batedor.";;cereja.jpg
Milkshakes Tradicionais;Cereja;700ml;"Pó de cereja (medida A); Sorvete de baunilha; Leite; Cobertura de cereja Marvi";"Decore o copo com cobertura de cereja Marvi. Adicione leite até a marcação; coloque o pó de cereja e o sorvete de baunilha. Misture no batedor.";;cereja.jpg
Milkshakes Tradicionais;Charge;250ml;"Pasta integral de amendoim; Amendoim torrado granulado (medida D); Sorvete misto; Leite; Cobertura de caramelo Marvi";"Decore o copo com cobertura de caramelo Marvi. Adicione leite até a marcação; coloque a pasta de amendoim e misture no batedor; acrescente o sorvete e o amendoim torrado. Misture levemente com o batedor desligado. Opcional: finalize com 25% da medida D de amendoim torrado.";;charge.jpg
Milkshakes Tradicionais;Charge;400ml;"Pasta integral de amendoim; Amendoim torrado granulado (medida D); Sorvete misto; Leite; Cobertura de caramelo Marvi";"Decore o copo com cobertura de caramelo Marvi. Adicione leite até a marcação; coloque a pasta de amendoim e misture no batedor; acrescente o sorvete e o amendoim torrado. Misture levemente com o batedor desligado. Opcional: finalize com 25% da medida D de amendoim torrado.";;charge.jpg
Milkshakes Tradicionais;Charge;500ml;"Pasta integral de amendoim; Amendoim torrado granulado (medida D); Sorvete misto; Leite; Cobertura de caramelo Marvi";"Decore o copo com cobertura de caramelo Marvi. Adicione leite até a marcação; coloque a pasta de amendoim e misture no batedor; acrescente o sorvete e o amendoim torrado. Misture levemente com o batedor desligado. Opcional: finalize com 25% da medida D de amendoim torrado.";;charge.jpg
Milkshakes Tradicionais;Charge;700ml;"Pasta integral de amendoim; Amendoim torrado granulado (medida D); Sorvete misto; Leite; Cobertura de caramelo Marvi";"Decore o copo com cobertura de caramelo Marvi. Adicione leite até a marcação; coloque a pasta de amendoim e misture no batedor; acrescente o sorvete e o amendoim torrado. Misture levemente com o batedor desligado. Opcional: finalize com 25% da medida D de amendoim torrado.";;charge.jpg
Milkshakes Tradicionais;Chiclete;250ml;;;PENDENTE TRANSCRIÇÃO A PARTIR DA FOTO;chiclete.jpg
Milkshakes Tradicionais;Chiclete;400ml;;;;
Milkshakes Tradicionais;Chiclete;500ml;;;;
Milkshakes Tradicionais;Chiclete;700ml;;;;
Milkshakes Tradicionais;Chocolate;250ml;;;PENDENTE TRANSCRIÇÃO A PARTIR DA FOTO;chocolate.jpg
Milkshakes Tradicionais;Chocolate;400ml;;;;
Milkshakes Tradicionais;Chocolate;500ml;;;;
Milkshakes Tradicionais;Chocolate;700ml;;;;
Milkshakes Tradicionais;Chocolate Branco;250ml;;;;
Milkshakes Tradicionais;Chocolate Branco;400ml;;;;
Milkshakes Tradicionais;Chocolate Branco;500ml;;;;
Milkshakes Tradicionais;Chocolate Branco;700ml;;;;
Milkshakes Tradicionais;Chocomenta;250ml;;;;
Milkshakes Tradicionais;Chocomenta;400ml;;;;
Milkshakes Tradicionais;Chocomenta;500ml;;;;
Milkshakes Tradicionais;Chocomenta;700ml;;;;
Milkshakes Tradicionais;Choquito;250ml;;;;
Milkshakes Tradicionais;Choquito;400ml;;;;
Milkshakes Tradicionais;Choquito;500ml;;;;
Milkshakes Tradicionais;Choquito;700ml;;;;
Milkshakes Tradicionais;Coco;250ml;;;PENDENTE TRANSCRIÇÃO A PARTIR DA FOTO;coco.jpg
Milkshakes Tradicionais;Coco;400ml;;;;
Milkshakes Tradicionais;Coco;500ml;;;;
Milkshakes Tradicionais;Coco;700ml;;;;
Milkshakes Tradicionais;Confeti;250ml;;;;
Milkshakes Tradicionais;Confeti;400ml;;;;
Milkshakes Tradicionais;Confeti;500ml;;;;
Milkshakes Tradicionais;Confeti;700ml;;;;
Milkshakes Tradicionais;Creme;250ml;;;PENDENTE TRANSCRIÇÃO A PARTIR DA FOTO;creme.jpg
Milkshakes Tradicionais;Creme;400ml;;;;
Milkshakes Tradicionais;Creme;500ml;;;;
Milkshakes Tradicionais;Creme;700ml;;;;
Milkshakes Tradicionais;Danoninho;250ml;;;;
Milkshakes Tradicionais;Danoninho;400ml;;;;
Milkshakes Tradicionais;Danoninho;500ml;;;;
Milkshakes Tradicionais;Danoninho;700ml;;;;
Milkshakes Tradicionais;Diamante Negro;250ml;;;A preencher depois;diamante_negro.jpg
Milkshakes Tradicionais;Diamante Negro;400ml;;;;
Milkshakes Tradicionais;Diamante Negro;500ml;;;;
Milkshakes Tradicionais;Diamante Negro;700ml;;;;
Milkshakes Tradicionais;Flocos;250ml;;;PENDENTE TRANSCRIÇÃO A PARTIR DA FOTO;flocos.jpg
Milkshakes Tradicionais;Flocos;400ml;;;;
Milkshakes Tradicionais;Flocos;500ml;;;;
Milkshakes Tradicionais;Flocos;700ml;;;;
Milkshakes Tradicionais;Framboesa;250ml;;;;
Milkshakes Tradicionais;Framboesa;400ml;;;;
Milkshakes Tradicionais;Framboesa;500ml;;;;
Milkshakes Tradicionais;Framboesa;700ml;;;;
Milkshakes Tradicionais;Iogurte;250ml;;;;
Milkshakes Tradicionais;Iogurte;400ml;;;;
Milkshakes Tradicionais;Iogurte;500ml;;;;
Milkshakes Tradicionais;Iogurte;700ml;;;;
Milkshakes Tradicionais;Kinder Ovo;250ml;;;;
Milkshakes Tradicionais;Kinder Ovo;400ml;;;;
Milkshakes Tradicionais;Kinder Ovo;500ml;;;;
Milkshakes Tradicionais;Kinder Ovo;700ml;;;;
Milkshakes Tradicionais;Leite Condensado;250ml;;;;
Milkshakes Tradicionais;Leite Condensado;400ml;;;;
Milkshakes Tradicionais;Leite Condensado;500ml;;;;
Milkshakes Tradicionais;Leite Condensado;700ml;;;;
Milkshakes Tradicionais;Limao;250ml;;;;
Milkshakes Tradicionais;Limao;400ml;;;;
Milkshakes Tradicionais;Limao;500ml;;;;
Milkshakes Tradicionais;Limao;700ml;;;;
Milkshakes Tradicionais;Maracuja;250ml;;;;
Milkshakes Tradicionais;Maracuja;400ml;;;;
Milkshakes Tradicionais;Maracuja;500ml;;;;
Milkshakes Tradicionais;Maracuja;700ml;;;;
Milkshakes Tradicionais;Melancia;250ml;;;;
Milkshakes Tradicionais;Melancia;400ml;;;;
Milkshakes Tradicionais;Melancia;500ml;;;;
Milkshakes Tradicionais;Melancia;700ml;;;;
Milkshakes Tradicionais;Menta;250ml;;;PENDENTE TRANSCRIÇÃO A PARTIR DA FOTO;menta.jpg
Milkshakes Tradicionais;Menta;400ml;;;;
Milkshakes Tradicionais;Menta;500ml;;;;
Milkshakes Tradicionais;Menta;700ml;;;;
Milkshakes Tradicionais;Milho;250ml;;;;
Milkshakes Tradicionais;Milho;400ml;;;;
Milkshakes Tradicionais;Milho;500ml;;;;
Milkshakes Tradicionais;Milho;700ml;;;;
Milkshakes Tradicionais;Milk Boll;250ml;;;;
Milkshakes Tradicionais;Milk Boll;400ml;;;;
Milkshakes Tradicionais;Milk Boll;500ml;;;;
Milkshakes Tradicionais;Milk Boll;700ml;;;;
Milkshakes Tradicionais;Morango;250ml;;;;
Milkshakes Tradicionais;Morango;400ml;;;;
Milkshakes Tradicionais;Morango;500ml;;;;
Milkshakes Tradicionais;Morango;700ml;;;;
Milkshakes Tradicionais;Napolitano;250ml;;;PENDENTE TRANSCRIÇÃO A PARTIR DA FOTO;napolitano.jpg
Milkshakes Tradicionais;Napolitano;400ml;;;;
Milkshakes Tradicionais;Napolitano;500ml;;;;
Milkshakes Tradicionais;Napolitano;700ml;;;;
Milkshakes Tradicionais;Negresco;250ml;;;;
Milkshakes Tradicionais;Negresco;400ml;;;;
Milkshakes Tradicionais;Negresco;500ml;;;;
Milkshakes Tradicionais;Negresco;700ml;;;;
Milkshakes Tradicionais;Crocante;250ml;;;;
Milkshakes Tradicionais;Crocante;400ml;;;;
Milkshakes Tradicionais;Crocante;500ml;;;;
Milkshakes Tradicionais;Crocante;700ml;;;;
Milkshakes Tradicionais;Pacoca;250ml;;;;
Milkshakes Tradicionais;Pacoca;400ml;;;;
Milkshakes Tradicionais;Pacoca;500ml;;;;
Milkshakes Tradicionais;Pacoca;700ml;;;;
Milkshakes Tradicionais;Passas ao Rum;250ml;;;;
Milkshakes Tradicionais;Passas ao Rum;400ml;;;;
Milkshakes Tradicionais;Passas ao Rum;500ml;;;;
Milkshakes Tradicionais;Passas ao Rum;700ml;;;;
Milkshakes Tradicionais;Pe de Moleque;250ml;;;;
Milkshakes Tradicionais;Pe de Moleque;400ml;;;;
Milkshakes Tradicionais;Pe de Moleque;500ml;;;;
Milkshakes Tradicionais;Pe de Moleque;700ml;;;;
Milkshakes Tradicionais;Pistache;250ml;;;;
Milkshakes Tradicionais;Pistache;400ml;;;;
Milkshakes Tradicionais;Pistache;500ml;;;;
Milkshakes Tradicionais;Pistache;700ml;;;;
Milkshakes Tradicionais;Prestigio;250ml;;;;
Milkshakes Tradicionais;Prestigio;400ml;;;;
Milkshakes Tradicionais;Prestigio;500ml;;;;
Milkshakes Tradicionais;Prestigio;700ml;;;;
Milkshakes Tradicionais;Sensação;250ml;;;;
Milkshakes Tradicionais;Sensação;400ml;;;;
Milkshakes Tradicionais;Sensação;500ml;;;;
Milkshakes Tradicionais;Sensação;700ml;;;;
Milkshakes Tradicionais;Uva;250ml;;;PENDENTE TRANSCRIÇÃO A PARTIR DA FOTO;uva.jpg
Milkshakes Tradicionais;Uva;400ml;;;;
Milkshakes Tradicionais;Uva;500ml;;;;
Milkshakes Tradicionais;Uva;700ml;;;;
Milk Shakes Especiais;Farinha Lactea;250ml;;;;
Milk Shakes Especiais;Farinha Lactea;400ml;;;;
Milk Shakes Especiais;Farinha Lactea;500ml;;;;
Milk Shakes Especiais;Farinha Lactea;700ml;;;;
Milk Shakes Especiais;Ferrero Rocher;250ml;;;;
Milk Shakes Especiais;Ferrero Rocher;400ml;;;;
Milk Shakes Especiais;Ferrero Rocher;500ml;;;;
Milk Shakes Especiais;Ferrero Rocher;700ml;;;;
Milk Shakes Especiais;Frutas Vermelhas;250ml;;;;
Milk Shakes Especiais;Frutas Vermelhas;400ml;;;;
Milk Shakes Especiais;Frutas Vermelhas;500ml;;;;
Milk Shakes Especiais;Frutas Vermelhas;700ml;;;;
Milk Shakes Especiais;Leite Ninho;250ml;;;;
Milk Shakes Especiais;Leite Ninho;400ml;;;;
Milk Shakes Especiais;Leite Ninho;500ml;;;;
Milk Shakes Especiais;Leite Ninho;700ml;;;;
Milk Shakes Especiais;Nutella;250ml;;;;
Milk Shakes Especiais;Nutella;400ml;;;;
Milk Shakes Especiais;Nutella;500ml;;;;
Milk Shakes Especiais;Nutella;700ml;;;;
Milk Shakes Especiais;Ovo Ninho;250ml;;;;
Milk Shakes Especiais;Ovo Ninho;400ml;;;;
Milk Shakes Especiais;Ovo Ninho;500ml;;;;
Milk Shakes Especiais;Ovo Ninho;700ml;;;;
Milk Shakes Especiais;Proibido com Nutella;250ml;;;;
Milk Shakes Especiais;Proibido com Nutella;400ml;;;;
Milk Shakes Especiais;Proibido com Nutella;500ml;;;;
Milk Shakes Especiais;Proibido com Nutella;700ml;;;;
Milk Shakes Especiais;Torta de Limão;250ml;;;;
Milk Shakes Especiais;Torta de Limão;400ml;;;;
Milk Shakes Especiais;Torta de Limão;500ml;;;;
Milk Shakes Especiais;Torta de Limão;700ml;;;;
Milk Shakes Especiais;Cupuaçu;250ml;;;;
Milk Shakes Especiais;Cupuaçu;400ml;;;;
Milk Shakes Especiais;Cupuaçu;500ml;;;;
Milk Shakes Especiais;Cupuaçu;700ml;;;;
Milk Shakes Especiais;Floresta Negra;250ml;;;;
Milk Shakes Especiais;Floresta Negra;400ml;;;;
Milk Shakes Especiais;Floresta Negra;500ml;;;;
Milk Shakes Especiais;Floresta Negra;700ml;;;;
Milk Shakes Especiais;Cookie;250ml;;;;
Milk Shakes Especiais;Cookie;400ml;;;;
Milk Shakes Especiais;Cookie;500ml;;;;
Milk Shakes Especiais;Cookie;700ml;;;;
Milk Shakes Especiais;Ouro Branco;250ml;"Recheio Variegato Bombom Vabene; Sorvete misto; Leite; Bombom Ouro Branco";Decore o copo com o recheio Variegato Bombom Vabene (medidas por tamanho). Coloque o leite até a marcação, acrescente o sorvete e misture no batedor. Complete e misture novamente. Finalize com 1 bombom Ouro Branco cortado ao meio.;;ouro_branco.jpg
Milk Shakes Especiais;Ouro Branco;400ml;"Recheio Variegato Bombom Vabene; Sorvete misto; Leite; Bombom Ouro Branco";Decore o copo com o recheio Variegato Bombom Vabene (medidas por tamanho). Coloque o leite até a marcação, acrescente o sorvete e misture no batedor. Complete e misture novamente. Finalize com 1 bombom Ouro Branco cortado ao meio.;;ouro_branco.jpg
Milk Shakes Especiais;Ouro Branco;500ml;"Recheio Variegato Bombom Vabene; Sorvete misto; Leite; Bombom Ouro Branco";Decore o copo com o recheio Variegato Bombom Vabene (medidas por tamanho). Coloque o leite até a marcação, acrescente o sorvete e misture no batedor. Complete e misture novamente. Finalize com 1 bombom Ouro Branco cortado ao meio.;;ouro_branco.jpg
Milk Shakes Especiais;Ouro Branco;700ml;"Recheio Variegato Bombom Vabene; Sorvete misto; Leite; Bombom Ouro Branco";Decore o copo com o recheio Variegato Bombom Vabene (medidas por tamanho). Coloque o leite até a marcação, acrescente o sorvete e misture no batedor. Complete e misture novamente. Finalize com 1 bombom Ouro Branco cortado ao meio.;;ouro_branco.jpg
Milk Shakes Especiais;Sonho de Valsa;250ml;"Recheio Variegato Bombom Vabene; Sorvete de baunilha; Leite; Bombom Sonho de Valsa; Castanha de caju crua";Decore o copo com o recheio Variegato Bombom Vabene (medidas por tamanho). Coloque o leite até a marcação, acrescente o sorvete e misture no batedor. Complete com mais sorvete e misture novamente. Finalize com 25% da medida D de castanha de caju e 1 bombom Sonho de Valsa cortado ao meio.;;sonho_de_valsa.jpg
Milk Shakes Especiais;Sonho de Valsa;400ml;"Recheio Variegato Bombom Vabene; Sorvete de baunilha; Leite; Bombom Sonho de Valsa; Castanha de caju crua";Decore o copo com o recheio Variegato Bombom Vabene (medidas por tamanho). Coloque o leite até a marcação, acrescente o sorvete e misture no batedor. Complete com mais sorvete e misture novamente. Finalize com 25% da medida D de castanha de caju e 1 bombom Sonho de Valsa cortado ao meio.;;sonho_de_valsa.jpg
Milk Shakes Especiais;Sonho de Valsa;500ml;"Recheio Variegato Bombom Vabene; Sorvete de baunilha; Leite; Bombom Sonho de Valsa; Castanha de caju crua";Decore o copo com o recheio Variegato Bombom Vabene (medidas por tamanho). Coloque o leite até a marcação, acrescente o sorvete e misture no batedor. Complete com mais sorvete e misture novamente. Finalize com 25% da medida D de castanha de caju e 1 bombom Sonho de Valsa cortado ao meio.;;sonho_de_valsa.jpg
Milk Shakes Especiais;Sonho de Valsa;700ml;"Recheio Variegato Bombom Vabene; Sorvete de baunilha; Leite; Bombom Sonho de Valsa; Castanha de caju crua";Decore o copo com o recheio Variegato Bombom Vabene (medidas por tamanho). Coloque o leite até a marcação, acrescente o sorvete e misture no batedor. Complete com mais sorvete e misture novamente. Finalize com 25% da medida D de castanha de caju e 1 bombom Sonho de Valsa cortado ao meio.;;sonho_de_valsa.jpg
Milk Shakes Especiais;Laka;250ml;"Recheio Ganache Chocolate Branco Vabene; Sorvete de baunilha; Leite";"Adicione leite até a marcação; acrescente o recheio ganache chocolate branco e o sorvete; bata até homogeneizar; finalize com um fio de ganache.";;laka.jpg
Milk Shakes Especiais;Laka;400ml;"Recheio Ganache Chocolate Branco Vabene; Sorvete de baunilha; Leite";"Adicione leite até a marcação; acrescente o recheio ganache chocolate branco e o sorvete; bata até homogeneizar; finalize com um fio de ganache.";;laka.jpg
Milk Shakes Especiais;Laka;500ml;"Recheio Ganache Chocolate Branco Vabene; Sorvete de baunilha; Leite";"Adicione leite até a marcação; acrescente o recheio ganache chocolate branco e o sorvete; bata até homogeneizar; finalize com um fio de ganache.";;laka.jpg
Milk Shakes Especiais;Laka;700ml;"Recheio Ganache Chocolate Branco Vabene; Sorvete de baunilha; Leite";"Adicione leite até a marcação; acrescente o recheio ganache chocolate branco e o sorvete; bata até homogeneizar; finalize com um fio de ganache.";;laka.jpg
Milk Shakes Especiais;Laka Oreo;250ml;"Recheio Ganache Chocolate Branco Vabene; Sorvete de baunilha; Leite; Mini Oreo";"Adicione leite até a marcação; acrescente o recheio ganache chocolate branco, o sorvete e mini Oreo triturado; bata até homogeneizar; finalize com Oreo por cima.";;laka_oreo.jpg
Milk Shakes Especiais;Laka Oreo;400ml;"Recheio Ganache Chocolate Branco Vabene; Sorvete de baunilha; Leite; Mini Oreo";"Adicione leite até a marcação; acrescente o recheio ganache chocolate branco, o sorvete e mini Oreo triturado; bata até homogeneizar; finalize com Oreo por cima.";;laka_oreo.jpg
Milk Shakes Especiais;Laka Oreo;500ml;"Recheio Ganache Chocolate Branco Vabene; Sorvete de baunilha; Leite; Mini Oreo";"Adicione leite até a marcação; acrescente o recheio ganache chocolate branco, o sorvete e mini Oreo triturado; bata até homogeneizar; finalize com Oreo por cima.";;laka_oreo.jpg
Milk Shakes Especiais;Laka Oreo;700ml;"Recheio Ganache Chocolate Branco Vabene; Sorvete de baunilha; Leite; Mini Oreo";"Adicione leite até a marcação; acrescente o recheio ganache chocolate branco, o sorvete e mini Oreo triturado; bata até homogeneizar; finalize com Oreo por cima.";;laka_oreo.jpg
Milk Shakes Especiais;Brownie;250ml;"Recheio Brownie; Sorvete de chocolate; Leite";"Adicione leite até a marcação; acrescente o recheio brownie e o sorvete de chocolate; bata; finalize com 1/2 concha de recheio brownie.";;brownie.jpg
Milk Shakes Especiais;Brownie;400ml;"Recheio Brownie; Sorvete de chocolate; Leite";"Adicione leite até a marcação; acrescente o recheio brownie e o sorvete de chocolate; bata; finalize com 1/2 concha de recheio brownie.";;brownie.jpg
Milk Shakes Especiais;Brownie;500ml;"Recheio Brownie; Sorvete de chocolate; Leite";"Adicione leite até a marcação; acrescente o recheio brownie e o sorvete de chocolate; bata; finalize com 1/2 concha de recheio brownie.";;brownie.jpg
Milk Shakes Especiais;Brownie;700ml;"Recheio Brownie; Sorvete de chocolate; Leite";"Adicione leite até a marcação; acrescente o recheio brownie e o sorvete de chocolate; bata; finalize com 1/2 concha de recheio brownie.";;brownie.jpg
Milk Shakes Especiais;Pão de Mel;250ml;"Recheio Pão de Mel; Sorvete misto; Leite";"Adicione leite até a marcação; acrescente o recheio pão de mel e o sorvete misto; bata; finalize com um fio do recheio.";;pao_de_mel.jpg
Milk Shakes Especiais;Pão de Mel;400ml;"Recheio Pão de Mel; Sorvete misto; Leite";"Adicione leite até a marcação; acrescente o recheio pão de mel e o sorvete misto; bata; finalize com um fio do recheio.";;pao_de_mel.jpg
Milk Shakes Especiais;Pão de Mel;500ml;"Recheio Pão de Mel; Sorvete misto; Leite";"Adicione leite até a marcação; acrescente o recheio pão de mel e o sorvete misto; bata; finalize com um fio do recheio.";;pao_de_mel.jpg
Milk Shakes Especiais;Pão de Mel;700ml;"Recheio Pão de Mel; Sorvete misto; Leite";"Adicione leite até a marcação; acrescente o recheio pão de mel e o sorvete misto; bata; finalize com um fio do recheio.";;pao_de_mel.jpg
Mix Chocolate;Mix Suflair;240ml;"Sorvete de baunilha; Cobertura de chocolate; Suflair em pedaços";"Monte em camadas de sorvete e Suflair; finalize com cobertura de chocolate.";;mix_suflair.jpg
Mix Chocolate;Mix KitKat;240ml;"Sorvete de baunilha; Cobertura de chocolate; KitKat picado";"Monte em camadas de sorvete e KitKat; finalize com cobertura de chocolate.";;mix_kitkat.jpg
Mix Chocolate;Mix Ovomaltine;240ml;"Sorvete de baunilha; Cobertura de chocolate; Ovomaltine";"Monte em camadas de sorvete e Ovomaltine; finalize com cobertura de chocolate.";;mix_ovomaltine.jpg
Mix Kids;Mix Fini;240ml;"Sorvete; Cobertura de morango; Balas Fini";"Metade do pote com sorvete; 1 concha de cobertura; complete com sorvete; finalize com 1/2 concha e balas Fini por cima.";;mix_fini.jpg
Mix Kids;Mix Merengue;240ml;"Sorvete; Cobertura de morango; Mini suspiro";"Metade do pote com sorvete; 1 concha de cobertura + mini suspiro picado; complete com sorvete; finalize com 1/2 concha e mini suspiro por cima.";;mix_merengue.jpg
Mix Kids;Mix Algodão Doce;240ml;;;A preencher depois;mix_algodao_doce.jpg
Mix Kids;Mix Brigadeiro;240ml;;;A preencher depois;mix_brigadeiro.jpg
Mix Kids;Mix Confeti;240ml;;;A preencher depois;mix_confeti.jpg
Mix Fruta;Mix Fruta Morango;240ml;"Sorvete de baunilha; Cobertura de morango";"Coloque sorvete no pote fazendo bico; finalize com 1 concha de cobertura de morango em volta do bico.";;mix_fruta_morango.jpg
Mix Fruta;Mix Fruta Maracujá;240ml;"Sorvete de baunilha; Cobertura de maracujá";"Coloque sorvete no pote fazendo bico; finalize com 1 concha de cobertura de maracujá em volta do bico.";;mix_fruta_maracujá.jpg
Mix Fruta;Mix Fruta Framboesa;240ml;"Sorvete de baunilha; Cobertura de framboesa";"Coloque sorvete no pote fazendo bico; finalize com 1 concha de cobertura de framboesa em volta do bico.";;mix_fruta_framboesa.jpg
Mix Fruta;Mix Fruta Amora;240ml;"Sorvete de baunilha; Cobertura de amora";"Coloque sorvete no pote fazendo bico; finalize com 1 concha de cobertura de amora em volta do bico.";;mix_fruta_amora.jpg
Mix Fruta;Mix Fruta Abacaxi;240ml;"Sorvete de baunilha; Cobertura de abacaxi";"Coloque sorvete no pote fazendo bico; finalize com 1 concha de cobertura de abacaxi em volta do bico.";;mix_fruta_abacaxi.jpg
Mix Twist;Mix Twist Banana c/ Farinha Láctea e Doce de Leite;320ml / 330ml;"Sorvete de baunilha; Banana em pedaços; Farinha láctea (medida D); Cobertura de doce de leite";"Coloque um pouco de sorvete; adicione banana, 1 bombada de doce de leite e 1 medida D de farinha láctea; misture levemente; repita até encher; finalize com farinha láctea (medida D) e banana por cima.";;mix_twist_banana_farlactea.jpg
Mix Twist;Mix Twist Confeti Trufado;320ml / 330ml;"Sorvete de baunilha; Disquete (confeti) medida D; Creme trufado";"Coloque um pouco de sorvete; 1 medida D de confeti; 1 bombada de creme trufado; misture levemente; repita até encher; finalize com confeti (medida D).";;mix_twist_confeti_trufado.jpg
Mix Twist;Mix Twist Maracujá Trufado;320ml / 330ml;"Sorvete de baunilha; Cobertura de maracujá; Creme trufado";"Coloque um pouco de sorvete; 1 concha de cobertura de maracujá; 1 bombada de creme trufado; misture levemente; repita até encher; finalize com 1/2 concha de maracujá.";;mix_twist_maracuja_trufado.jpg
Mix Twist;Mix Twist Morango Trufado;320ml / 330ml;"Sorvete de baunilha; Cobertura de morango; Creme trufado";"Coloque um pouco de sorvete; 1 concha de cobertura de morango; 1 bombada de creme trufado; misture levemente; repita até encher; finalize com 1/2 concha de morango.";;mix_twist_morango_trufado.jpg
Mix Twist;Mix Twist Morango e Sucrilhos;320ml / 330ml;"Sorvete de baunilha; Cobertura de morango; Sucrilhos (medida D)";"Coloque um pouco de sorvete; 1 concha de cobertura de morango; 1 medida D de sucrilhos; misture levemente; repita até encher; finalize com sucrilhos por cima (medida D).";;mix_twist_morango_sucrilhos.jpg
Mix Twist;Mix Twist Sucrilhos Trufado;320ml / 330ml;"Sorvete de baunilha; Creme trufado; Sucrilhos (medida D)";"Coloque um pouco de sorvete; 1 bombada de creme trufado; 1 medida D de sucrilhos; misture levemente; repita até encher; finalize com sucrilhos (medida D).";;mix_twist_sucrilhos_trufado.jpg
Mix Twist;Mix Twist Negresco e Doce de Leite;320ml / 330ml;"Sorvete de baunilha; Negresco (medida D); Cobertura de doce de leite";"Coloque um pouco de sorvete; 1 bombada de doce de leite; 1 medida D de negresco; misture levemente; repita até encher; finalize com negresco (medida D).";;mix_twist_negresco_doceleite.jpg
Mix Twist;Mix Twist Negresco Trufado;320ml / 330ml;"Sorvete de baunilha; Negresco (medida D); Creme trufado";"Coloque um pouco de sorvete; 1 bombada de creme trufado; 1 medida D de negresco; misture levemente; repita; finalize com negresco (medida D).";;mix_twist_negresco_trufado.jpg
Mix Twist;Mix Twist Ovomaltine Trufado;320ml / 330ml;"Sorvete de baunilha; Ovomaltine (medida D); Creme trufado";"Coloque um pouco de sorvete; 1 medida D de Ovomaltine; 1 bombada de creme trufado; misture levemente; repita; finalize com Ovomaltine (medida D).";;mix_twist_ovomaltine_trufado.jpg
Mix Twist;Mix Twist Ninho Trufado;320ml / 330ml;"Sorvete de baunilha; Leite Ninho (medida D); Creme trufado (1/2 bombada)";"Coloque um pouco de sorvete; 1 medida D de leite ninho; 1/2 bombada de creme trufado; misture levemente; repita; finalize com leite ninho (medida D).";;mix_twist_ninho_trufado.jpg
Mix Twist;Mix Twist Laka Oreo;320ml / 330ml;"Recheio Ganache Chocolate Branco Vabene; Sorvete de baunilha; Mini Oreo";"Coloque um pouco de sorvete; 1 concha de ganache branco; 2 mini Oreo trituradas; misture levemente; complete com sorvete; mais 1 concha; misture; decore com 6 mini Oreo.";;mix_twist_laka_oreo.jpg
Mix Twist;Mix Twist Ouro Branco;320ml / 330ml;"Recheio Ganache Chocolate Branco Vabene; Sorvete misto; Bombom Ouro Branco";"Coloque um pouco de sorvete; 1 concha de ganache branco; misture; complete; mais 1 concha; misture; decore com 1 bombom em 4 partes.";;mix_twist_ouro_branco.jpg
Mix Twist;Mix Twist Sonho de Valsa;320ml / 330ml;"Recheio Variegato Bombom Vabene; Sorvete de baunilha; Bombom Sonho de Valsa";"Coloque um pouco de sorvete; 1 concha de variegato; misture; complete; mais 1 concha; misture; decore com bombom em 4 partes.";;mix_twist_sonho_valsa.jpg
Mix Twist;Mix Twist Pistache;320ml / 330ml;"Sorvete de baunilha; Creme de pistache; Castanha de caju crua";"Preencha o pote até a metade com sorvete; adicione 1 concha de creme de pistache e misture até ficar homogêneo; conclua repetindo o processo; finalize com 1 medida D de castanha de caju por cima do sorvete.";;mix_twist_pistache.jpg
Açaí;Casquinha de Açaí;Casquinha;"Açaí; Granola";"Pegue a casquinha; coloque o açaí fazendo bico; finalize com granola (1 medida D) ao redor.";;acai_casquinha.jpg
Açaí;Açaí Sundae;175ml / 270ml;"Açaí; Cobertura desejada (ou leite condensado)";"Decore o copo com a cobertura desejada; coloque o açaí fazendo bico; finalize decorando com a cobertura escolhida ou granola.";;acai_sundae.jpg
Açaí;Açaí Shake;250ml / 400ml / 500ml / 700ml;"Açaí; Cobertura escolhida (abacaxi, amora, framboesa, maracujá, morango, limão) ou leite condensado";"Coloque o açaí no copo; adicione as conchas de cobertura de fruta escolhida (ou leite condensado); misture com o batedor.";;acai_shake.jpg
Açaí;Açaí no Pote;240ml / Cestinha;"Açaí; Cobertura desejada; Frutas opcionais (banana, morango, manga, uva, kiwi)";"Coloque o açaí no pote fazendo bico; acrescente a fruta cortada; finalize com a cobertura escolhida.";;acai_pote.jpg
Sundae / Big Sundae;Sundae de Pistache;175ml / 270ml;"Sorvete de baunilha; Creme de pistache; Castanha de caju crua; Biju";"Coloque o sorvete no copo fazendo bico; finalize com 1 concha de creme de pistache, 1 medida D de castanha de caju e 1 biju.";Big Sundae: 2 conchas de creme e 2 bijus.;sundae_pistache.jpg
Nacho;Nacho Pistache;Único;"Sorvete de baunilha; Creme de pistache; Castanha de caju crua; Biscoito Marvi";"Coloque 3 voltas de sorvete na embalagem formando um bico; posicione 5 biscoitos Marvi ao redor; finalize com 1 concha de creme de pistache em volta do sorvete e 1 medida D de castanha de caju sobre o sorvete.";;nacho_pistache.jpg
